{
    "Tarwewijk": [
        51.8952,
        4.4848
    ],
    "Cool": [
        51.9194,
        4.4758
    ],
    "Carnisse": [
        51.9050,
        4.5098
    ],
    "CS-kwartier": [
        51.9245,
        4.4695
    ],
    "Hillesluis": [
        51.8941,
        4.5139
    ],
    "Bospolder": [
        51.9111,
        4.4405
    ],
    "Zuidplein": [
        51.8870767,
        4.4900217
    ],
    "Oude Westen": [
        51.9184,
        4.4675
    ],
    "Zuiderpark en Zuidrand": [
        51.8796902,
        4.4787912
    ],
    "Bloemhof": [
        51.8931,
        4.5018
    ],
    "Oude Noorden": [
        51.9344,
        4.4817
    ],
    "Middelland": [
        51.9147,
        4.4587
    ],
    "Charlois": [
        51.8859,
        4.4716
    ],
    "Agniesebuurt": [
        51.9293,
        4.4766
    ],
    "Provenierswijk": [
        51.9269,
        4.4697
    ],
    "Zuidwijk": [
        51.8735,
        4.4871
    ],
    "Nieuw Crooswijk": [
        51.9404,
        4.4918
    ],
    "Oud-Charlois": [
        51.8907,
        4.4647
    ],
    "Nieuwe Westen": [
        51.9138,
        4.4482
    ],
    "Feijenoord": [
        51.8959,
        4.5028
    ],
    "Beverwaard": [
        51.8943,
        4.5668
    ],
    "Rotterdam Centrum": [
        51.9179,
        4.4779
    ],
    "Tussendijken": [
        51.9181,
        4.4739
    ],
    "Groot IJsselmonde-Noord": [
        51.9319,
        4.4599
    ],
    "Delfshaven": [
        51.9049,
        4.4540
    ],
    "Pendrecht": [
        51.8745,
        4.4695
    ],
    "Afrikaanderwijk": [
        51.8999,
        4.5018
    ],
    "Oud Crooswijk": [
        51.9319573,
        4.494037
    ],
    "Kop van Zuid-Entrepot": [
        51.906773,
        4.502808
    ],
    "Vreewijk": [
        51.8855,
        4.5142
    ],
    "Kralingen-west": [
        51.927452,
        4.504175
    ],
    "Nieuwe Werk/Dijkzigt": [
        51.9121,
        4.4671
    ],
    "Rubroek": [
        51.9268,
        4.4900
    ],
    "Spangen": [
        51.9163,
        4.4397
    ],
    "Groot IJsselmonde-Zuid": [
        51.879044,
        4.544005
    ],
    "OudMathenesse/Witte Dorp": [
        51.9153,
        4.4216
    ],
    "IJsselmonde": [
        51.8861,
        4.5427
    ],
    "Kleinpolder": [
        51.9341,
        4.4313
    ],
    "Wielewaal": [
        51.8792,
        4.4624
    ],
    "Kralingen-Crooswijk": [
        51.93225,
        4.52062
    ],
    "Noord": [
        51.932365,
        4.464443
    ],
    "Lombardijen": [
        51.8806,
        4.5314
    ],
    "Stadsdriehoek": [
        51.9194,
        4.4887
    ],
    "Zevenkamp": [
        51.9620,
        4.5626
    ],
    "Rotterdam": [
        51.9244,
        4.4777
    ],
    "Noordereiland": [
        51.9136,
        4.4958
    ],
    "Bergpolder": [
        51.9357,
        4.4654
    ],
    "Oosterflank": [
        51.9449,
        4.5639
    ],
    "Schiemond": [
        51.9017,
        4.4535
    ],
    "Hoogvliet-noord": [
        51.871475,
        4.356378
    ],
    "Katendrecht": [
        51.9001,
        4.4798
    ],
    "Pernis": [
        51.8887,
        4.3891
    ],
    "Kralingen Oost/Kralingse Bos": [
        51.941629,
        4.525678
    ],
    "Overschie": [
        51.9368,
        4.4274
    ],
    "De Esch": [
        51.9054,
        4.5303
    ],
    "s-Gravenland": [
        51.924516,
        4.550720
    ],
    "Hoogvliet": [
        51.8616,
        4.3580
    ],
    "Prinsenland": [
        51.9351,
        4.5544
    ],
    "Liskwartier": [
        51.9381,
        4.4723
    ],
    "Het Lage Land": [
        51.9422,
        4.5404
    ],
    "Kop van Zuid": [
        51.907517,
        4.492810
    ],
    "Prins Alexander": [
        51.9592,
        4.5485
    ],
    "Blijdorp/Blijdorpsepolder": [
        51.9304,
        4.4585
    ],
    "Schiebroek": [
        51.9592,
        4.4705
    ],
    "Hillegersberg-noord": [
        51.957188,
        4.489565
    ],
    "Struisenburg": [
        51.9180,
        4.5113
    ],
    "Hoek van Holland": [
        51.978013,
        4.137041
    ],
    "Hillegersberg-zuid": [
        51.944772,
        4.475214
    ],
    "Hillegersberg-Schiebroek": [
        51.958307,
        4.499736
    ],
    "Nesselande": [
        51.979120,
        4.586150
    ],
    "Molenlaankwartier": [
        51.9593,
        4.5066
    ],
    "Dorp/Rijnpoort": [
        51.957295,
        4.174597
    ],
    "Kralingseveer": [
        51.9106,
        4.5510
    ],
    "Hoogvliet-zuid": [
        51.855636,
        4.363265
    ],
    "Ommoord": [
        51.9583,
        4.5400
    ],
    "NoordKethel/Schieveen/Zestienhoven": [
        51.9535,
        4.4504
    ],
    "Rozenburg": [
        51.9044,
        4.2471
    ],
    "Oud IJsselmonde": [
        51.8992,
        4.5513
    ],
    "Terbregge": [
        51.9520,
        4.5250
    ],
    "Strand en duin": [
        51.983522,
        4.116190
    ],
    "Heijplaat": [
        51.8926,
        4.4205
    ]
}