{
    "Tarwewijk": [
        51.8952,
        4.4848
    ],
    "Cool": [
        51.9194,
        4.4758
    ],
    "Carnisse": [
        51.51,
        4.30
    ],
    "CS-kwartier": [
        51.9245,
        4.4695
    ],
    "Hillesluis": [
        51.54,
        4.31
    ],
    "Bospolder": [
        51.54376,
        4.26320
    ],
    "Zuidplein": [
        51.8870767,
        4.4900217
    ],
    "Oude Westen": [
        51.5505,
        4.2803
    ],
    "Zuiderpark en Zuidrand": [
        51.8796902,
        4.4787912
    ],
    "Bloemhof": [
        51.8931,
        4.5018
    ],
    "Oude Noorden": [
        51.569,
        4.2840
    ],
    "Middelland": [
        51.5453,
        4.2732
    ],
    "Charlois": [
        51.54,
        4.28
    ],
    "Agniesebuurt": [
        51.5546,
        4.2836
    ],
    "Provenierswijk": [
        51.5538,
        4.2807
    ],
    "Zuidwijk": [
        51.53,
        4.29
    ],
    "Nieuw Crooswijk": [
        51.5552,
        4.2918
    ],
    "Oud-Charlois": [
        51.5327,
        4.2751
    ],
    "Nieuwe Westen": [
        51.5447,
        4.2658
    ],
    "Feijenoord": [
        51.534341,
        4.305203
    ],
    "Beverwaard": [
        51.5335,
        4.3405
    ],
    "Rotterdam Centrum": [
        51.9179,
        4.4779
    ],
    "Tussendijken": [
        51.5431,
        4.2630
    ],
    "Groot IJsselmonde-Noord": [
        51.5301,
        4.3245
    ],
    "Delfshaven": [
        51.5426,
        4.2654
    ],
    "Pendrecht": [
        51.5225,
        4.287
    ],
    "Afrikaanderwijk": [
        51.5400,
        4.3006
    ],
    "Oud Crooswijk": [
        51.9319573,
        4.494037
    ],
    "Kop van Zuid-Entrepot": [
        51.5425,
        4.2930
    ],
    "Vreewijk": [
        51.5309,
        4.3046
    ],
    "Kralingen-west": [
        51.927452,
        4.504175
    ],
    "Nieuwe Werk/Dijkzigt": [
        51.5442,
        4.2820
    ],
    "Rubroek": [
        51.5536,
        4.2922
    ],
    "Spangen": [
        51.55,
        4.26
    ],
    "Groot IJsselmonde-Zuid": [
        51.879044,
        4.544005
    ],
    "OudMathenesse/Witte Dorp": [
        51.5501,
        4.2520
    ],
    "IJsselmonde": [
        51.531,
        4.32454
    ],
    "Kleinpolder": [
        51.5603,
        4.2546
    ],
    "Wielewaal": [
        51.5248,
        4.2744
    ],
    "Kralingen-Crooswijk": [
        51.93225,
        4.52062
    ],
    "Noord": [
        51.932365,
        4.464443
    ],
    "Lombardijen": [
        51.5,
        4.32
    ],
    "Stadsdriehoek": [
        51.5501,
        4.2901
    ],
    "Zevenkamp": [
        51.5806,
        4.3424
    ],
    "Rotterdam": [
        51.55,
        4.30
    ],
    "Noordereiland": [
        51.5449,
        4.2942
    ],
    "Bergpolder": [
        51.5608,
        4.2759
    ],
    "Oosterflank": [
        51.5635,
        4.3334
    ],
    "Schiemond": [
        51.5413,
        4.2635
    ],
    "Hoogvliet-noord": [
        51.871475,
        4.356378
    ],
    "Katendrecht": [
        51.54,
        4.29
    ],
    "Pernis": [
        51.53,
        4.23
    ],
    "Kralingen Oost/Kralingse Bos": [
        51.941629,
        4.525678
    ],
    "Overschie": [
        51.56,
        4.26
    ],
    "De Esch": [
        51.5422,
        4.3150
    ],
    "s-Gravenland": [
        51.924516,
        4.550720
    ],
    "Hoogvliet": [
        51.52,
        4.21
    ],
    "Prinsenland": [
        51.564,
        4.3255
    ],
    "Liskwartier": [
        51.5612,
        4.2824
    ],
    "Het Lage Land": [
        51.55,
        4.29
    ],
    "Kop van Zuid": [
        51.5425,
        4.2930
    ],
    "Prins Alexander": [
        51.5705,
        4.3349
    ],
    "Blijdorp/Blijdorpsepolder": [
        51.5549,
        4.2729
    ],
    "Schiebroek": [
        51.58,
        4.29
    ],
    "Hillegersberg-noord": [
        51.957188,
        4.489565
    ],
    "Struisenburg": [
        51.5504,
        4.3042
    ],
    "Hoek van Holland": [
        51.978013,
        4.137041
    ],
    "Hillegersberg-zuid": [
        51.944772,
        4.475214
    ],
    "Hillegersberg-Schiebroek": [
        51.958307,
        4.499736
    ],
    "Nesselande": [
        51.979120,
        4.586150
    ],
    "Molenlaankwartier": [
        51.5734,
        4.3014
    ],
    "Dorp/Rijnpoort": [
        51.957295,
        4.174597
    ],
    "Kralingseveer": [
        51.5441,
        4.3302
    ],
    "Hoogvliet-zuid": [
        51.855636,
        4.363265
    ],
    "Ommoord": [
        51.5744,
        4.3302
    ],
    "NoordKethel/Schieveen/Zestienhoven": [
        51.5725,
        4.2614
    ],
    "Rozenburg": [
        51.90,
        4.25
    ],
    "Oud IJsselmonde": [
        51.531,
        4.32454
    ],
    "Terbregge": [
        51.57,
        4.31
    ],
    "Strand en duin": [
        51.983522,
        4.116190
    ],
    "Heijplaat": [
        51.54,
        4.25
    ]
}